{"cameraMode":{"drawMode":0,"name":"Shaded","section":"Shading Mode"},"sceneLighting":true,"audioPlay":false,"sceneViewState":{"m_AlwaysRefresh":false,"showFog":true,"showSkybox":true,"showFlares":true,"showImageEffects":true,"showParticleSystems":true,"showVisualEffectGraphs":true,"m_FxEnabled":true},"in2DMode":false,"pivot":{"x":891.5046997070313,"y":513.826416015625,"z":-652.3829956054688},"rotation":{"x":0.0017120451666414738,"y":0.01634404994547367,"z":-0.005796878598630428,"w":1.000828742980957},"size":254.9509735107422,"orthographic":false}